1,,NICOBAR,23.5,9.9,137%,LE,245.5,278.6,-12%,N
2,,NORTH & MIDDLE ANDAMAN,10.55,16.3,-35%,D,715.0,487.5,47%,E
3,,SOUTH ANDAMAN,13.65,13.1,4%,N,598.3,427.0,40%,E
1,,ANJAW,46.1,19.8,133%,LE,195.5,384.6,-49%,D
2,,CHANGLANG,96.0,9.9,870%,LE,458.4,345.3,33%,E
3,,DIBANG VALLEY,,4.9,,*,476.5,398.8,19%,N
4,,EAST KAMENG,18.7,15.8,18%,N,231.8,336.7,-31%,D
5,,EAST SIANG,192.2,33.0,482%,LE,654.0,804.1,-19%,N
6,,KURUNG KUMEY,,9.7,,*,,251.9,,*
7,,LOHIT,90.2,13.7,558%,LE,430.8,438.1,-2%,N
8,,LOWER DIBANG VALLEY,218.6,13.1,1569%,LE,865.6,660.3,31%,E
9,,LOWER SUBANSIRI,22.4,5.3,322%,LE,122.1,176.4,-31%,D
10,,PAPUMPARA,30.6,17.2,78%,LE,445.2,655.8,-32%,D
11,,TAWANG,21.2,10.0,112%,LE,155.0,204.7,-24%,D
12,,TIRAP,,18.2,,*,489.1,520.6,-6%,N
13,,UPPER SIANG,23.5,18.2,29%,E,346.2,510.7,-32%,D
14,,UPPER SUBANSIRI,,9.4,,*,532.8,276.9,92%,LE
15,,WEST KAMENG,19.5,19.3,1%,N,197.7,452.4,-56%,D
16,,WEST SIANG,61.3,15.9,285%,LE,469.3,502.1,-7%,N
1,,BAKSA,19.7,13.1,51%,E,715.2,497.4,44%,E
2,,BARPETA,37.6,19.7,91%,LE,951.0,663.8,43%,E
3,,BONGAIGAON,18.7,20.7,-10%,N,716.1,746.4,-4%,N
4,,CACHAR,13.2,13.4,-1%,N,495.1,523.1,-5%,N
5,,CHIRANG,49.2,17.5,181%,LE,637.0,669.6,-5%,N
6,,DARRANG,9.4,13.0,-27%,D,263.3,426.0,-38%,D
7,,DHEMAJI,65.5,12.5,424%,LE,623.2,531.8,17%,N
8,,DHUBRI,4.5,19.5,-77%,LD,1037.5,659.9,57%,E
9,,DIBRUGARH,37.2,13.8,170%,LE,462.0,372.7,24%,E
10,,DIMA HASAO,2.6,8.3,-69%,LD,325.0,338.1,-4%,N
11,,GOALPARA,9.7,23.4,-59%,D,556.8,595.8,-7%,N
12,,GOLAGHAT,8.8,5.9,48%,E,248.8,258.4,-4%,N
13,,HAILAKANDI,42.7,9.9,331%,LE,643.1,448.2,43%,E
14,,JORHAT,21.6,6.7,223%,LE,362.6,295.7,23%,E
15,,KAMRUP (RURAL),20.9,12.2,71%,LE,326.3,387.4,-16%,N
16,,KAMRUP METRO.,12.8,11.1,15%,N,347.1,306.0,13%,N
17,,KARBI ANGLONG,1.1,5.3,-80%,LD,166.9,210.0,-21%,D
18,,KARIMGANJ,23.1,14.0,65%,LE,724.9,645.1,12%,N
19,,KOKRAJHAR,15.3,30.1,-49%,D,1043.6,784.0,33%,E
20,,LAKHIMPUR,57.2,17.8,221%,LE,499.6,524.1,-5%,N
21,,MORIGAON,8.0,9.2,-13%,N,255.3,287.8,-11%,N
22,,NAGAON,1.5,10.0,-85%,LD,187.4,261.5,-28%,D
23,,NALBARI,13.5,11.9,13%,N,818.0,483.8,69%,LE
24,,SHONITPUR,28.6,12.1,137%,LE,332.1,315.2,5%,N
25,,SIBSAGAR,10.1,11.3,-11%,N,296.3,287.3,3%,N
26,,TINSUKIA,92.5,8.7,963%,LE,514.6,368.7,40%,E
27,,UDALGURI,37.6,16.2,132%,LE,435.9,450.2,-3%,N
1,,EAST GARO HILLS,38.0,19.8,92%,LE,1362.4,571.3,138%,LE
2,,EAST JAINTIA HILLS,70.0,49.1,43%,E,832.0,1191.4,-30%,D
3,,EAST KHASI HILLS,135.4,56.8,138%,LE,1968.5,1298.2,52%,E
4,,NORTH GARO HILLS,,10.4,,*,594.4,482.2,23%,E
5,,RI-BHOI,24.0,17.0,41%,E,441.6,370.7,19%,N
6,,SOUTH GARO HILLS,,10.4,,*,488.7,482.2,1%,N
7,,SOUTH WEST GARO HILLS,10.0,10.4,-4%,N,335.0,482.2,-31%,D
8,,SOUTH WEST KHASI HILLS,213.0,10.4,1948%,LE,1818.3,482.2,277%,LE
9,,WEST GARO HILLS,1.0,15.1,-93%,LD,789.8,546.5,45%,E
10,,WEST JAINTIA HILLS,,49.1,,*,669.3,1191.4,-44%,D
11,,WEST KHASI HILLS,,16.9,,*,668.0,642.7,4%,N
1,,DIMAPUR,0.8,5.0,-85%,LD,104.5,203.0,-49%,D
2,,KIPHIRE,0.6,4.4,-86%,LD,228.3,139.9,63%,LE
3,,KOHIMA,0.0,12.4,-100%,NR,180.8,288.6,-37%,D
4,,LONGLENG,,7.6,,*,248.0,276.5,-10%,N
5,,MOKOKCHUNG,5.4,11.0,-51%,D,276.8,339.8,-19%,N
6,,MON,,8.8,,*,310.9,294.4,6%,N
7,,PAREN,0.0,7.4,-100%,NR,158.1,237.9,-34%,D
8,,PHEK,4.8,10.3,-53%,D,175.0,197.8,-12%,N
9,,TUENSANG,,7.6,,*,93.9,276.5,-66%,LD
10,,WOKHA,,9.9,,*,154.4,299.2,-48%,D
11,,ZUNHEBOTO,16.1,13.5,19%,N,275.6,300.8,-8%,N
1,,BISHNUPUR,0.0,8.4,-100%,NR,116.9,331.3,-65%,LD
2,,CHANDEL,0.6,8.4,-93%,LD,128.2,331.3,-61%,LD
3,,CHURACHANDPUR,0.0,8.4,-100%,NR,13.8,331.3,-96%,LD
4,,IMPHAL EAST,0.0,5.1,-100%,NR,237.5,205.3,16%,N
5,,IMPHAL WEST,0.0,15.2,-100%,NR,239.2,463.8,-48%,D
6,,SENAPATI,,9.6,,*,,209.8,,*
7,,TAMENGLONG,20.4,100.8,-80%,LD,365.8,1317.1,-72%,LD
8,,THOUBAL,,5.1,,*,,205.3,,*
9,,UKHRUL,6.9,4.8,44%,E,166.5,297.3,-44%,D
1,,AIZWAL,1.5,12.6,-88%,LD,358.3,404.4,-11%,N
2,,CHAMPHAI,0.9,10.2,-92%,LD,64.0,334.5,-81%,LD
4,,KOLASIB,0.6,12.9,-95%,LD,482.1,424.7,14%,N
5,,LAWNGTLAI,10.6,10.9,-3%,N,254.6,465.5,-45%,D
6,,LUNGLEI,1.5,15.7,-90%,LD,296.6,453.5,-35%,D
7,,MAMIT,0.0,13.7,-100%,NR,234.1,421.8,-44%,D
8,,SAIHA,4.9,15.5,-68%,LD,298.3,496.0,-40%,D
9,,SERCHHIP,2.4,16.3,-85%,LD,202.1,425.6,-53%,D
1,,DHALAI,12.7,10.9,16%,N,465.0,425.0,9%,N
2,,GOMATI,14.8,17.0,-13%,N,331.6,406.6,-18%,N
3,,KHOWAI,10.9,12.8,-15%,N,547.9,433.2,26%,E
4,,NORTH TRIPURA,7.9,12.2,-35%,D,645.7,426.1,52%,E
5,,SIPAHIJALA,13.4,11.8,13%,N,159.2,392.2,-59%,D
6,,SOUTH TRIPURA,46.3,18.6,149%,LE,364.2,484.6,-25%,D
7,,UNAKOTI,3.6,9.1,-60%,LD,723.3,461.1,57%,E
8,,WEST TRIPURA,4.1,10.2,-60%,LD,433.4,370.7,17%,N
1,,GANGTOK,14.6,22.0,-33%,D,684.4,597.7,15%,N
2,,GYALSHING,21.1,26.4,-20%,D,590.3,395.1,49%,E
3,,MANGAN,15.1,16.9,-11%,N,808.2,424.8,90%,LE
4,,NAMCHI,14.1,22.5,-37%,D,645.3,382.3,69%,LE
5,,PAKYONG,27.1,19.5,39%,E,508.5,379.8,34%,E
6,,SORENG,75.5,26.4,186%,LE,533.0,395.1,35%,E
1,,ALIPURDUAR,30.8,23.8,29%,E,1399.9,749.6,87%,LE
2,,COOCH BEHAR,21.0,20.9,0%,N,1271.7,566.4,125%,LE
3,,DARJEELING,98.5,36.9,167%,LE,936.5,643.1,46%,E
4,,JALPAIGURI,77.1,30.1,156%,LE,1073.2,729.6,47%,E
5,,KALIMPONG,58.5,30.7,90%,LE,768.9,544.7,41%,E
6,,MALDA,12.6,9.4,34%,E,54.2,234.4,-77%,LD
7,,NORTH DINAJPUR,0.0,13.7,-100%,NR,141.2,339.6,-58%,D
8,,SOUTH DINAJPUR,0.0,15.6,-100%,NR,175.1,251.6,-30%,D
1,,BANKURA,16.3,12.3,32%,E,76.8,252.7,-70%,LD
2,,BIRBHUM,7.1,8.7,-18%,N,57.3,224.0,-74%,LD
3,,EAST MIDNAPORE,17.1,8.8,94%,LE,117.9,275.0,-57%,D
4,,HOOGHLY,40.5,13.5,200%,LE,90.2,239.6,-62%,LD
5,,HOWRAH,41.8,7.2,481%,LE,99.2,226.9,-56%,D
6,,JHARGRAM,0.5,10.4,-96%,LD,91.7,250.6,-63%,LD
7,,KOLKATA,17.6,10.5,68%,LE,143.2,282.9,-49%,D
8,,MURSHIDABAD,7.3,9.4,-22%,D,32.9,218.1,-85%,LD
9,,NADIA,6.2,5.8,6%,N,54.9,211.5,-74%,LD
10,,NORTH 24 PARGANAS,18.1,10.0,81%,LE,89.7,252.5,-64%,LD
11,,PASCHIM BARDHAMAN,13.4,12.1,11%,N,102.3,231.1,-56%,D
12,,PURBA BARDHAMAN,1.1,8.6,-87%,LD,56.2,219.5,-74%,LD
13,,PURULIA,21.1,8.2,157%,LE,87.0,233.2,-63%,LD
14,,SOUTH 24 PARGANAS,17.0,9.7,76%,LE,116.6,300.0,-61%,LD
15,,WEST MIDNAPORE,0.6,10.4,-95%,LD,70.5,250.6,-72%,LD
1,,ANGUL,3.1,8.4,-63%,LD,117.9,209.0,-44%,D
2,,BALASORE,31.9,11.8,170%,LE,113.9,252.7,-55%,D
3,,BARGARH,10.7,9.2,16%,N,153.8,213.7,-28%,D
4,,BHADRAK,0.7,5.7,-89%,LD,116.6,206.8,-44%,D
5,,BOLANGIR,15.3,7.6,101%,LE,129.4,177.0,-27%,D
6,,BOUDHGARH,12.1,10.0,21%,E,149.4,181.1,-18%,N
7,,CUTTACK,18.5,6.0,208%,LE,195.5,197.0,-1%,N
8,,DEOGARH,0.0,11.7,-100%,NR,165.9,201.0,-17%,N
9,,DHENKANAL,1.2,10.1,-88%,LD,185.8,205.8,-10%,N
10,,GAJAPATI,13.2,6.8,95%,LE,144.9,185.7,-22%,D
11,,GANJAM,1.1,5.5,-80%,LD,125.1,166.3,-25%,D
12,,JAGATSINGHPUR,3.8,4.6,-17%,N,143.8,169.7,-15%,N
13,,JAJPUR,1.6,5.7,-73%,LD,160.9,241.8,-33%,D
14,,JHARSUGUDA,2.7,10.5,-75%,LD,129.3,205.6,-37%,D
15,,KALAHANDI,29.4,8.8,234%,LE,151.2,238.5,-37%,D
16,,KANDHAMAL,8.5,8.2,3%,N,211.6,198.1,7%,N
17,,KENDRAPARA,0.2,4.1,-95%,LD,117.6,195.7,-40%,D
18,,KEONJHARGARH,4.3,8.5,-50%,D,118.0,239.5,-51%,D
19,,KHURDA,36.0,6.8,429%,LE,165.5,181.3,-9%,N
20,,KORAPUT,4.7,5.6,-16%,N,199.5,217.1,-8%,N
21,,MALKANGIRI,37.9,5.4,601%,LE,265.7,193.0,38%,E
22,,MAYURBHANJ,12.2,9.1,34%,E,90.9,272.8,-67%,LD
23,,NAWAPARA,16.5,8.2,101%,LE,127.6,182.7,-30%,D
24,,NAWARANGPUR,5.6,9.7,-42%,D,240.0,250.3,-4%,N
25,,NAYAGARH,34.1,6.6,417%,LE,210.1,192.5,9%,N
26,,PURI,29.4,3.7,695%,LE,97.4,158.2,-38%,D
27,,RAYAGADA,7.8,5.3,46%,E,152.8,180.4,-15%,N
28,,SAMBALPUR,5.6,9.7,-42%,D,144.1,210.8,-32%,D
29,,SONEPUR,14.6,10.2,43%,E,183.4,192.5,-5%,N
30,,SUNDARGARH,12.3,9.8,26%,E,133.6,214.6,-38%,D
1,,BOKARO,15.5,8.4,85%,LE,66.8,166.6,-60%,LD
2,,CHATRA,35.5,7.3,386%,LE,75.6,160.5,-53%,D
3,,DEOGHAR,13.5,9.2,47%,E,48.5,185.8,-74%,LD
4,,DHANBAD,12.2,12.4,-2%,N,99.5,210.3,-53%,D
5,,DUMKA,12.7,10.7,19%,N,60.4,198.9,-70%,LD
6,,EAST SINGBHUM,7.6,9.0,-15%,N,60.1,235.7,-75%,LD
7,,GARHWA,19.6,7.0,180%,LE,36.6,132.4,-72%,LD
8,,GIRIDIH,15.2,9.2,65%,LE,60.6,188.4,-68%,LD
9,,GODDA,0.7,8.5,-91%,LD,37.7,169.1,-78%,LD
10,,GUMLA,39.7,8.5,367%,LE,131.2,198.0,-34%,D
11,,HAZARIBAG,31.7,9.2,245%,LE,86.1,193.2,-55%,D
12,,JAMTARA,2.2,9.6,-77%,LD,68.4,204.9,-67%,LD
13,,KHUNTI,14.6,9.3,57%,E,71.3,202.4,-65%,LD
14,,KODERMA,25.9,6.7,287%,LE,57.0,155.7,-63%,LD
15,,LATEHAR,31.6,5.8,445%,LE,58.7,175.8,-67%,LD
16,,LOHARDAGA,31.0,7.9,292%,LE,75.2,195.0,-61%,LD
17,,PAKUR,6.4,7.5,-15%,N,28.9,226.3,-87%,LD
18,,PALAMU,58.3,5.7,922%,LE,79.9,121.6,-34%,D
19,,RAMGARH,14.6,7.1,106%,LE,51.3,196.5,-74%,LD
20,,RANCHI,13.4,6.9,94%,LE,90.8,197.6,-54%,D
21,,SAHIBGANJ,38.3,11.0,248%,LE,76.3,227.0,-66%,LD
22,,SERAIKELA-KHARSAWAN,7.8,7.9,-1%,N,75.5,204.3,-63%,LD
23,,SIMDEGA,4.2,6.7,-38%,D,94.6,234.8,-60%,LD
24,,WEST SINGBHUM,0.9,7.9,-89%,LD,69.2,200.5,-65%,LD
1,,ARARIA,0.6,17.0,-96%,LD,282.4,262.6,8%,N
2,,ARWAL,65.8,9.1,623%,LE,75.1,91.8,-18%,N
3,,AURANGABAD,52.9,5.7,828%,LE,66.0,126.8,-48%,D
4,,BANKA,7.6,8.1,-7%,N,20.7,139.5,-85%,LD
5,,BEGUSARAI,13.7,12.5,9%,N,21.9,165.6,-87%,LD
6,,BHABUA,22.4,9.4,139%,LE,41.6,111.7,-63%,LD
7,,BHAGALPUR,5.0,12.1,-58%,D,27.9,179.5,-84%,LD
8,,BHOJPUR,17.0,13.6,25%,E,29.1,116.4,-75%,LD
9,,BUXAR,13.0,9.1,43%,E,46.1,110.6,-58%,D
10,,DARBHANGA,19.7,10.8,83%,LE,67.6,145.1,-53%,D
11,,EAST CHAMPARAN,34.5,14.2,143%,LE,103.4,177.8,-42%,D
12,,GAYA,59.4,9.5,525%,LE,73.2,135.4,-46%,D
13,,GOPALGANJ,8.0,13.3,-40%,D,59.9,142.8,-58%,D
14,,JAHANABAD,74.7,6.6,1031%,LE,84.7,125.2,-32%,D
15,,JAMUI,45.5,8.6,429%,LE,61.7,147.4,-58%,D
16,,KATIHAR,5.9,11.5,-49%,D,59.1,211.9,-72%,LD
17,,KHAGARIA,3.6,15.3,-76%,LD,23.5,184.5,-87%,LD
18,,KISHANGANJ,49.2,24.0,105%,LE,604.1,342.6,76%,LE
19,,LAKHISARAI,65.4,14.5,351%,LE,83.7,121.7,-31%,D
20,,MADHEPURA,5.1,11.7,-56%,D,58.4,197.5,-70%,LD
21,,MADHUBANI,1.4,12.3,-89%,LD,65.2,169.2,-61%,LD
22,,MONGHYR,3.0,11.0,-73%,LD,20.7,164.0,-87%,LD
23,,MUZAFFARPUR,19.2,17.8,8%,N,55.8,157.0,-64%,LD
24,,NALANDA,11.8,9.8,21%,E,14.2,119.2,-88%,LD
25,,NAWADA,58.8,10.3,471%,LE,69.1,124.3,-44%,D
26,,PATNA,20.5,11.8,74%,LE,30.6,130.2,-76%,LD
27,,PURNEA,14.7,17.2,-14%,N,136.5,279.7,-51%,D
28,,ROHTAS,10.1,4.7,116%,LE,20.9,115.4,-82%,LD
29,,SAHARSA,4.9,11.4,-57%,D,55.8,195.6,-71%,LD
30,,SAMASTIPUR,18.6,14.1,32%,E,27.7,158.4,-83%,LD
31,,SARAN,13.4,19.1,-30%,D,25.3,129.7,-80%,LD
32,,SHEIKHPURA,23.4,11.5,103%,LE,46.3,130.1,-64%,LD
33,,SHEOHAR,43.8,15.3,186%,LE,145.1,179.1,-19%,N
34,,SITAMARHI,23.2,14.6,59%,E,111.1,188.9,-41%,D
35,,SIWAN,8.7,12.4,-30%,D,49.8,130.8,-62%,LD
36,,SUPAUL,0.0,11.0,-100%,NR,129.3,203.4,-36%,D
37,,VAISHALI,2.0,15.1,-87%,LD,13.0,126.1,-90%,LD
38,,WEST CHAMPARAN,0.0,11.9,-99%,LD,138.8,200.8,-31%,D
1,,AMBEDKAR NAGAR,14.5,6.1,137%,LE,129.1,114.5,13%,N
2,,AMETHI,0.8,5.0,-84%,LD,12.9,80.7,-84%,LD
3,,AYODHYA,12.7,12.0,6%,N,200.0,125.0,60%,LE
4,,AZAMGARH,1.1,4.8,-78%,LD,29.9,96.4,-69%,LD
5,,BAHRAICH,51.3,6.9,644%,LE,103.7,155.2,-33%,D
6,,BALLIA,11.1,7.5,48%,E,55.7,108.9,-49%,D
7,,BALRAMPUR,46.9,6.4,633%,LE,148.5,116.7,27%,E
8,,BANDA,0.0,8.9,-100%,NR,43.3,104.7,-59%,D
9,,BARABANKI,30.1,6.2,386%,LE,59.7,101.4,-41%,D
10,,BASTI,8.3,10.9,-24%,D,54.6,127.7,-57%,D
11,,BHADOHI,,5.7,,*,,108.1,,*
12,,CHANDAULI,15.0,3.3,355%,LE,50.0,71.8,-30%,D
13,,CHITRAKOOT,0.0,16.6,-100%,NR,37.5,111.7,-66%,LD
14,,DEORIA,0.0,8.0,-100%,NR,11.3,127.2,-91%,LD
15,,FARRUKHABAD,3.7,6.9,-46%,D,55.5,77.6,-28%,D
16,,FATEHPUR,0.0,8.3,-100%,NR,12.3,87.6,-86%,LD
17,,GHAZIPUR,23.1,5.6,312%,LE,77.2,98.2,-21%,D
18,,GONDA,1.5,7.7,-81%,LD,37.3,138.7,-73%,LD
19,,GORAKHPUR,0.9,8.9,-90%,LD,107.1,194.5,-45%,D
20,,HARDOI,0.0,4.3,-100%,NR,62.5,78.7,-21%,D
21,,JAUNPUR,0.0,4.7,-100%,NR,23.4,84.3,-72%,LD
22,,KANNAUJ,2.9,4.8,-41%,D,57.5,60.7,-5%,N
23,,KANPUR CITY,0.0,8.8,-99%,LD,30.5,78.3,-61%,LD
24,,KANPUR DEHAT,0.4,5.1,-93%,LD,12.4,54.7,-77%,LD
25,,KAUSHAMBI,0.0,5.3,-100%,NR,18.7,73.8,-75%,LD
26,,KHERI,17.9,6.7,168%,LE,53.6,142.7,-62%,LD
27,,KUSHI NAGAR,5.0,7.0,-29%,D,13.8,119.5,-88%,LD
28,,LUCKNOW,0.3,6.0,-95%,LD,35.8,90.2,-60%,LD
29,,MAHARAJGANJ,4.0,5.1,-21%,D,107.2,135.3,-21%,D
30,,MAU,0.0,10.3,-100%,NR,7.6,123.1,-94%,LD
31,,MIRZAPUR,0.0,7.0,-100%,NR,33.8,116.8,-71%,LD
32,,PRATAPGARH,0.0,5.6,-100%,NR,29.4,85.0,-65%,LD
33,,PRAYAGRAJ,0.0,7.8,-100%,NR,40.1,82.3,-51%,D
34,,RAE BAREILLY,0.9,3.2,-71%,LD,11.5,48.0,-76%,LD
35,,SANT KABIR NAGAR,2.3,10.2,-77%,LD,39.8,162.7,-76%,LD
36,,SHRAWASTI NAGAR,10.3,8.4,22%,E,65.0,192.1,-66%,LD
37,,SIDDHARTH NAGAR,23.6,7.9,199%,LE,116.2,171.9,-32%,D
38,,SITAPUR,7.0,10.5,-33%,D,38.3,118.4,-68%,LD
39,,SONBHADRA,12.5,6.2,102%,LE,66.7,119.2,-44%,D
40,,SULTANPUR,4.8,4.7,2%,N,138.9,103.7,34%,E
41,,UNNAO,,7.1,,*,14.7,75.2,-80%,LD
42,,VARANASI,0.9,6.9,-86%,LD,63.6,95.1,-33%,D
1,,AGRA,8.3,8.5,-3%,N,81.5,55.4,47%,E
2,,ALIGARH,13.0,5.2,150%,LE,93.2,54.9,70%,LE
3,,AMROHA,10.2,5.2,96%,LE,37.7,88.7,-58%,D
4,,AURAIYA,0.0,3.6,-100%,NR,135.0,56.7,138%,LE
5,,BADAUN,29.0,7.7,277%,LE,125.5,81.3,54%,E
6,,BAGHPAT,0.0,7.5,-100%,NR,48.3,63.6,-24%,D
7,,BAREILLY,8.3,7.5,11%,N,130.4,96.1,36%,E
8,,BIJNOR,2.8,9.9,-72%,LD,44.4,113.6,-61%,LD
9,,BULANDSHAHAR,14.4,5.0,188%,LE,59.7,53.8,11%,N
10,,ETAH,31.3,4.1,664%,LE,129.0,45.7,182%,LE
11,,ETAWAH,0.9,3.7,-76%,LD,34.9,43.8,-20%,D
12,,FIROZABAD,7.8,8.4,-7%,N,84.5,58.7,44%,E
13,,GAUTAM BUDDHA NAGAR,0.0,2.8,-100%,NR,6.0,49.3,-88%,LD
14,,GHAZIABAD,0.0,2.8,-100%,NR,21.5,49.4,-56%,D
15,,HAMIRPUR,0.6,7.5,-92%,LD,66.1,83.9,-21%,D
16,,HAPUR,35.0,6.2,465%,LE,65.0,72.1,-10%,N
17,,HATHRAS,3.1,9.0,-66%,LD,94.1,52.4,79%,LE
18,,JALAUN,3.6,4.8,-25%,D,101.9,67.2,52%,E
19,,JHANSI,9.1,4.8,90%,LE,45.7,89.3,-49%,D
20,,KASGANJ,54.3,7.3,644%,LE,136.0,65.2,109%,LE
21,,LALITPUR,27.0,7.2,276%,LE,112.2,112.8,0%,N
22,,MAHOBA,14.2,3.4,318%,LE,59.0,69.1,-15%,N
23,,MAINPURI,34.4,11.0,213%,LE,110.1,69.3,59%,E
24,,MATHURA,18.3,7.2,153%,LE,42.4,48.7,-13%,N
25,,MEERUT,13.8,3.3,317%,LE,51.3,72.2,-29%,D
26,,MORADABAD,9.6,7.2,34%,E,136.0,111.3,22%,E
27,,MUZAFFARNAGAR,23.7,4.6,414%,LE,60.5,85.2,-29%,D
28,,PILIBHIT,21.8,4.0,444%,LE,56.5,109.0,-48%,D
29,,RAMPUR,2.7,3.4,-20%,D,77.3,66.0,17%,N
30,,SAHARANPUR,0.0,10.4,-100%,NR,10.4,116.2,-91%,LD
31,,SAMBHAL,37.8,7.4,410%,LE,83.8,74.9,12%,N
32,,SHAHJAHANPUR,0.0,6.6,-100%,NR,33.5,102.3,-67%,LD
33,,SHAMLI,0.0,5.0,-100%,NR,14.2,65.4,-78%,LD
1,,ALMORA,0.0,6.3,-100%,NR,41.6,146.3,-72%,LD
2,,BAGESHWAR,25.6,6.3,306%,LE,156.1,146.3,7%,N
3,,CHAMOLI,23.8,5.6,326%,LE,110.2,104.7,5%,N
4,,CHAMPAWAT,0.0,6.7,-100%,NR,95.6,211.9,-55%,D
5,,DEHRADUN,5.1,12.4,-59%,D,124.0,193.4,-36%,D
6,,GARHWAL PAURI,3.3,7.1,-54%,D,39.1,150.8,-74%,LD
7,,GARHWAL TEHRI,3.6,7.5,-52%,D,51.4,129.5,-60%,LD
8,,HARDWAR,12.0,5.4,121%,LE,27.0,134.3,-80%,LD
9,,NAINITAL,22.9,14.7,56%,E,146.9,265.8,-45%,D
10,,PITHORAGARH,8.0,12.1,-34%,D,114.0,248.9,-54%,D
11,,RUDRAPRAYAG,26.4,8.3,218%,LE,118.4,220.0,-46%,D
12,,UDHAM SINGH NAGAR,0.0,6.9,-100%,NR,47.9,174.5,-73%,LD
13,,UTTARKASHI,10.9,8.1,34%,E,76.9,176.6,-56%,D
1,,AMBALA,0.1,6.9,-99%,LD,11.7,117.9,-90%,LD
2,,BHIWANI,3.6,2.8,27%,E,23.8,40.2,-41%,D
3,,CHARKHI DADRI,0.0,2.8,-100%,NR,12.7,52.1,-76%,LD
4,,FARIDABAD,0.3,4.3,-92%,LD,47.7,46.1,3%,N
5,,FATEHABAD,0.0,4.1,-100%,NR,16.9,37.6,-55%,D
6,,GURGAON,2.8,6.5,-56%,D,62.6,47.1,33%,E
7,,HISAR,10.9,4.7,132%,LE,24.0,43.4,-45%,D
8,,JHAJJAR,10.8,4.9,120%,LE,27.8,36.7,-24%,D
9,,JIND,1.4,3.4,-60%,LD,38.6,56.6,-32%,D
10,,KAITHAL,2.1,2.7,-21%,D,11.0,54.5,-80%,LD
11,,KARNAL,2.8,8.4,-67%,LD,15.9,79.5,-80%,LD
12,,KURUKSHETRA,0.0,4.6,-100%,NR,19.6,61.7,-68%,LD
13,,MAHENDRAGARH,7.3,2.2,231%,LE,24.5,58.2,-58%,D
14,,NUH,9.1,6.4,43%,E,76.8,49.1,56%,E
15,,PALWAL,11.0,3.8,189%,LE,23.5,33.2,-29%,D
16,,PANCHKULA,1.0,6.7,-85%,LD,8.4,106.8,-92%,LD
17,,PANIPAT,35.8,4.5,696%,LE,59.9,58.3,3%,N
18,,REWARI,3.6,3.6,-1%,N,32.2,50.3,-36%,D
19,,ROHTAK,28.6,8.6,233%,LE,36.2,54.6,-34%,D
20,,SIRSA,0.0,3.0,-100%,NR,24.9,36.1,-31%,D
21,,SONEPAT,12.1,5.5,120%,LE,41.0,57.0,-28%,D
22,,YAMUNA NAGAR,0.0,10.2,-100%,NR,16.9,125.2,-86%,LD
1,,CENTRAL DELHI,0.0,4.0,-100%,NR,109.2,77.5,41%,E
2,,EAST DELHI,0.0,4.0,-100%,NR,91.5,77.5,18%,N
3,,NEW DELHI,9.3,7.4,26%,E,184.0,74.1,148%,LE
4,,NORTH DELHI,0.0,2.9,-100%,NR,167.0,60.7,175%,LE
5,,NORTH EAST DELHI,,4.0,,*,29.0,77.5,-63%,LD
6,,NORTH WEST DELHI,0.0,3.5,-100%,NR,175.5,52.7,233%,LE
7,,SOUTH DELHI,0.0,4.0,-100%,NR,61.3,77.5,-21%,D
8,,SOUTH WEST DELHI,2.4,9.2,-74%,LD,53.2,69.9,-24%,D
9,,WEST DELHI,0.0,12.5,-100%,NR,1.0,68.8,-99%,LD
1,,AMRITSAR,27.0,4.6,488%,LE,35.8,48.9,-27%,D
2,,BARNALA,0.0,4.4,-100%,NR,35.2,51.3,-31%,D
3,,BHATINDA,0.0,4.2,-100%,NR,8.7,43.3,-80%,LD
4,,FARIDKOT,0.0,2.7,-100%,NR,12.1,50.1,-76%,LD
5,,FATEHGARH SAHIB,0.0,5.2,-100%,NR,9.3,57.1,-84%,LD
6,,FAZILKA,0.0,3.3,-100%,NR,25.8,32.5,-21%,D
7,,FEROZEPUR,0.5,2.4,-79%,LD,3.5,30.6,-88%,LD
8,,GURDASPUR,12.1,10.2,18%,N,34.1,66.9,-49%,D
9,,HOSHIARPUR,0.0,5.5,-100%,NR,9.4,71.0,-87%,LD
10,,JALANDHAR,8.2,3.8,116%,LE,22.4,58.5,-62%,LD
11,,KAPURTHALA,,5.0,,*,67.5,53.5,26%,E
12,,LUDHIANA,0.0,4.9,-100%,NR,32.3,59.3,-46%,D
13,,MANSA,0.0,2.6,-100%,NR,7.2,38.5,-81%,LD
14,,MOGA,0.0,3.9,-100%,NR,16.7,45.2,-63%,LD
15,,MUKTSAR,0.0,5.1,-100%,NR,18.0,51.0,-65%,LD
16,,PATHANKOT,1.8,7.8,-76%,LD,32.6,83.8,-61%,LD
17,,PATIALA,0.0,4.3,-100%,NR,22.3,65.2,-66%,LD
18,,RUPNAGAR,0.0,10.4,-100%,NR,21.2,98.0,-78%,LD
19,,SANGRUR,0.0,4.4,-100%,NR,87.9,48.2,82%,LE
20,,SAS NAGAR (MOHALI),0.0,6.7,-100%,NR,10.5,93.2,-89%,LD
21,,SBS NAGAR,0.0,9.1,-100%,NR,50.9,103.9,-51%,D
22,,TARN TARAN,11.3,2.5,354%,LE,18.7,24.2,-23%,D
1,,BILASPUR,0.0,4.7,-100%,NR,48.3,102.1,-53%,D
2,,CHAMBA,1.3,7.9,-83%,LD,49.3,121.8,-60%,LD
3,,HAMIRPUR,5.4,7.0,-24%,D,38.1,114.1,-67%,LD
4,,KANGRA,6.3,14.3,-56%,D,60.7,181.4,-67%,LD
5,,KINNAUR,0.0,2.3,-100%,NR,16.3,41.8,-61%,LD
6,,KULLU,0.0,3.8,-100%,NR,43.9,86.9,-49%,D
7,,LAHAUL & SPITI,0.0,1.9,-100%,NR,30.3,47.8,-37%,D
8,,MANDI,5.7,8.6,-34%,D,83.0,171.5,-52%,D
9,,SHIMLA,3.1,5.0,-38%,D,89.2,110.4,-19%,N
10,,SIRMAUR,11.2,10.6,5%,N,81.4,165.8,-51%,D
11,,SOLAN,10.6,6.1,74%,LE,108.6,137.3,-21%,D
12,,UNA,0.0,5.8,-100%,NR,55.4,103.8,-47%,D
1,,ANANTNAG,0.1,3.2,-96%,LD,33.6,65.8,-49%,D
2,,BADGAM,0.0,0.8,-100%,NR,23.9,38.7,-38%,D
3,,BANDIPORE,0.0,2.0,-100%,NR,26.3,40.7,-36%,D
4,,BARAMULA,0.4,2.1,-81%,LD,67.1,55.9,20%,E
5,,DODA,0.5,5.0,-90%,LD,39.4,78.6,-50%,D
6,,GANDERBAL,0.0,0.8,-100%,NR,65.0,74.8,-13%,N
7,,JAMMU,13.7,7.4,85%,LE,41.6,74.9,-44%,D
8,,KATHUA,2.1,4.8,-56%,D,47.0,105.9,-56%,D
9,,KISTWAR,,5.0,,*,,78.6,,*
10,,KULGAM,0.0,4.9,-100%,NR,28.8,72.0,-60%,LD
11,,KUPWARA,0.0,1.1,-100%,NR,43.0,55.9,-23%,D
12,,POONCH,0.0,6.1,-100%,NR,19.0,112.5,-83%,LD
13,,PULWAMA,5.8,1.7,238%,LE,28.2,35.3,-20%,D
14,,RAJOURI,4.4,3.7,18%,N,51.0,88.1,-42%,D
15,,RAMBAN,1.2,5.1,-77%,LD,45.2,80.8,-44%,D
16,,REASI,0.8,14.2,-95%,LD,91.1,139.9,-35%,D
17,,SAMBA,5.5,10.2,-46%,D,30.0,82.6,-64%,LD
18,,SHOPIAN,0.0,0.3,-100%,NR,18.2,39.6,-54%,D
19,,SRINAGAR,0.0,1.8,-100%,NR,27.5,45.4,-40%,D
20,,UDHAMPUR,0.4,6.3,-94%,LD,75.3,85.3,-12%,N
1,,KARGIL,0.0,0.6,-100%,NR,7.8,4.0,95%,LE
2,,LADAKH (LEH),0.0,0.0,-100%,NR,16.0,2.6,515%,LE
1,,AJMER,3.4,4.3,-21%,D,77.3,52.1,48%,E
2,,ALWAR,4.7,4.1,14%,N,54.2,67.8,-20%,D
3,,BANSWARA,5.7,7.8,-27%,D,51.3,101.2,-49%,D
4,,BARAN,10.8,9.4,14%,N,69.6,101.7,-32%,D
5,,BHARATPUR,43.2,5.2,731%,LE,148.3,64.6,130%,LE
6,,BHILWARA,2.7,5.6,-52%,D,69.1,66.4,4%,N
7,,BUNDI,1.0,7.1,-86%,LD,72.0,79.5,-9%,N
8,,CHITTORGARH,2.5,7.0,-65%,LD,94.3,79.4,19%,N
9,,DAUSA,0.0,4.2,-100%,NR,89.4,67.3,33%,E
10,,DHOLPUR,44.0,4.5,878%,LE,161.2,61.6,162%,LE
11,,DUNGARPUR,0.4,6.8,-94%,LD,47.8,89.6,-47%,D
12,,JAIPUR,2.5,4.4,-43%,D,51.6,66.8,-23%,D
13,,JHALAWAR,3.6,7.0,-48%,D,106.3,105.0,1%,N
14,,JHUNJHUNU,3.1,3.6,-14%,N,56.9,65.1,-13%,N
15,,KARAULI,0.0,4.7,-100%,NR,61.3,66.6,-8%,N
16,,KOTA,5.1,5.9,-13%,N,121.5,89.9,35%,E
17,,PRATAPGARH,10.4,6.9,51%,E,80.9,105.8,-24%,D
18,,RAJSAMAND,6.6,6.2,6%,N,88.1,70.3,25%,E
19,,SAWAI MADHOPUR,8.0,5.7,40%,E,84.3,71.5,18%,N
20,,SIKAR,6.3,3.8,64%,LE,56.5,62.6,-10%,N
21,,SIROHI,3.7,7.2,-49%,D,39.9,75.6,-47%,D
22,,TONK,1.5,5.4,-72%,LD,64.5,64.3,0%,N
23,,UDAIPUR,2.6,8.5,-69%,LD,74.0,77.1,-4%,N
1,,BARMER,0.0,2.7,-100%,NR,33.5,33.7,-1%,N
2,,BIKANER,1.7,3.4,-51%,D,10.8,42.7,-75%,LD
3,,CHURU,5.6,3.3,69%,LE,42.3,52.6,-20%,D
4,,HANUMANGARH,0.3,2.2,-87%,LD,18.6,46.2,-60%,LD
5,,JAISALMER,0.6,1.5,-58%,D,27.1,24.6,10%,N
6,,JALORE,0.4,2.7,-86%,LD,13.9,40.3,-66%,LD
7,,JODHPUR,0.3,2.7,-89%,LD,38.8,38.3,1%,N
8,,NAGAUR,9.1,5.4,69%,LE,41.1,55.3,-26%,D
9,,PALI,0.5,5.3,-91%,LD,54.3,51.9,5%,N
10,,SRI GANGANAGAR,2.4,2.9,-17%,N,43.3,34.0,27%,E
1,,ANUPPUR,42.4,4.6,821%,LE,138.6,156.8,-12%,N
2,,BALAGHAT,30.8,8.7,254%,LE,120.7,191.2,-37%,D
3,,CHHATARPUR,18.8,7.7,145%,LE,98.4,115.6,-15%,N
4,,CHHINDWARA,3.8,6.2,-38%,D,143.9,160.2,-10%,N
5,,DAMOH,32.2,6.3,411%,LE,136.5,148.8,-8%,N
6,,DINDORI,34.8,8.2,324%,LE,162.1,192.4,-16%,N
7,,JABALPUR,38.1,5.3,619%,LE,139.2,156.3,-11%,N
8,,KATNI,14.8,7.3,103%,LE,58.3,119.5,-51%,D
9,,MANDLA,28.7,9.3,208%,LE,111.8,171.8,-35%,D
10,,NARSINGHPUR,25.0,4.8,421%,LE,93.8,138.7,-32%,D
11,,NIWARI,16.7,5.9,182%,LE,93.8,90.2,4%,N
12,,PANNA,7.6,9.9,-24%,D,95.3,132.7,-28%,D
13,,REWA,0.0,11.7,-100%,NR,36.1,129.8,-72%,LD
14,,SAGAR,31.7,5.3,498%,LE,111.1,158.3,-30%,D
15,,SATNA,12.8,11.7,10%,N,90.2,129.0,-30%,D
16,,SEONI,18.5,6.1,203%,LE,146.8,168.0,-13%,N
17,,SHAHDOL,21.1,8.7,143%,LE,99.3,130.4,-24%,D
18,,SIDHI,1.0,8.8,-89%,LD,37.5,142.6,-74%,LD
19,,SINGRAULI,20.3,5.3,282%,LE,64.9,124.8,-48%,D
20,,TIKAMGARH,61.4,10.5,485%,LE,161.3,115.8,39%,E
21,,UMARIA,19.9,12.5,59%,E,47.7,150.4,-68%,LD
1,,AGAR-MALWA,9.9,10.1,-2%,N,113.4,110.8,2%,N
2,,ALIRAJPUR,14.3,8.8,62%,LE,175.9,124.3,42%,E
3,,ASHOKNAGAR,55.3,5.1,983%,LE,133.8,106.3,26%,E
4,,BARWANI,4.6,4.3,6%,N,120.5,108.0,12%,N
5,,BETUL,2.3,4.7,-51%,D,127.1,154.5,-18%,N
6,,BHIND,1.3,5.5,-76%,LD,104.1,67.1,55%,E
7,,BHOPAL,17.1,6.4,167%,LE,217.6,133.6,63%,LE
8,,BURHANPUR,1.9,8.2,-76%,LD,161.3,141.4,14%,N
9,,DATIA,0.5,4.6,-89%,LD,67.3,81.6,-18%,N
10,,DEWAS,11.7,5.5,112%,LE,135.3,131.0,3%,N
11,,DHAR,4.7,7.2,-34%,D,133.3,123.2,8%,N
12,,GUNA,25.9,7.4,250%,LE,169.9,114.7,48%,E
13,,GWALIOR,2.4,5.4,-56%,D,118.4,72.6,63%,LE
14,,HARDA,11.4,5.4,110%,LE,112.2,126.0,-11%,N
15,,INDORE,13.8,7.3,89%,LE,170.9,122.0,40%,E
16,,JHABUA,4.6,5.5,-16%,N,120.8,121.5,-1%,N
17,,KHANDWA,13.6,7.5,81%,LE,141.2,122.6,15%,N
18,,KHARGONE,13.7,7.2,90%,LE,111.6,124.7,-11%,N
19,,MANDSAUR,1.7,7.2,-76%,LD,82.6,99.8,-17%,N
20,,MORENA,8.2,5.4,51%,E,110.4,61.9,78%,LE
21,,NARMADAPURAM,22.8,6.7,240%,LE,116.9,158.9,-26%,D
22,,NEEMUCH,0.0,6.6,-100%,NR,138.2,96.2,44%,E
23,,RAISEN,5.0,5.4,-8%,N,90.0,150.3,-40%,D
24,,RAJGARH,9.2,7.2,27%,E,146.6,111.9,31%,E
25,,RATLAM,2.6,5.2,-51%,D,136.8,110.4,24%,E
26,,SEHORE,9.4,4.8,96%,LE,139.2,139.8,0%,N
27,,SHAJAPUR,0.4,7.8,-95%,LD,114.2,115.5,-1%,N
28,,SHEOPUR,15.8,7.5,111%,LE,78.4,77.6,1%,N
29,,SHIVPURI,16.5,5.0,230%,LE,123.5,94.5,31%,E
30,,UJJAIN,1.1,7.1,-84%,LD,108.0,119.7,-10%,N
31,,VIDISHA,20.0,6.2,222%,LE,154.9,142.8,8%,N
1,,AHMEDABAD,6.1,6.9,-11%,N,55.8,98.2,-43%,D
2,,ANAND,20.4,9.8,108%,LE,57.5,120.1,-52%,D
3,,ARAVALLI,0.8,5.1,-85%,LD,16.5,90.9,-82%,LD
4,,BANASKANTHA,2.5,5.6,-55%,D,35.5,64.4,-45%,D
5,,BHARUCH,18.7,7.7,143%,LE,94.2,133.5,-29%,D
6,,CHHOTA UDEPUR,19.2,6.3,205%,LE,133.0,143.8,-7%,N
7,,DADARA & NAGAR HAVELI,15.6,30.3,-49%,D,292.2,380.5,-23%,D
8,,DAHOD,9.0,4.7,91%,LE,42.9,98.1,-56%,D
9,,DAMAN,60.4,30.3,99%,LE,249.9,380.5,-34%,D
10,,DANGS,5.2,17.8,-71%,LD,117.4,319.5,-63%,LD
11,,GANDHINAGAR,3.5,5.9,-41%,D,76.4,95.0,-20%,D
12,,KHEDA,8.4,6.5,29%,E,62.8,102.0,-38%,D
13,,MAHISAGAR,0.8,6.5,-87%,LD,27.9,92.3,-70%,LD
14,,MEHSANA,2.8,4.2,-33%,D,22.4,78.6,-72%,LD
15,,NARMADA,7.0,9.2,-24%,D,100.9,157.4,-36%,D
16,,NAVSARI,18.6,24.3,-24%,D,193.8,322.1,-40%,D
17,,PANCHMAHAL,16.7,6.8,145%,LE,91.6,118.1,-22%,D
18,,PATAN,1.5,3.5,-59%,D,28.6,60.0,-52%,D
19,,SABARKANTHA,0.6,6.6,-91%,LD,38.0,92.6,-59%,D
20,,SURAT,19.2,17.3,11%,N,127.4,244.7,-48%,D
21,,TAPI,2.9,13.9,-79%,LD,145.3,236.5,-39%,D
22,,VADODARA,18.8,5.9,219%,LE,81.0,131.4,-38%,D
23,,VALSAD,31.1,24.7,26%,E,247.1,360.5,-31%,D
1,,AMRELI,11.3,6.1,86%,LE,82.8,124.4,-33%,D
2,,BHAVNAGAR,13.6,6.3,116%,LE,112.6,121.8,-8%,N
3,,BOTAD,16.8,6.3,166%,LE,115.3,99.1,16%,N
4,,DEVBHOOMI DWARKA,11.8,5.7,107%,LE,154.4,100.3,54%,E
5,,DIU,16.4,7.5,119%,LE,52.4,178.1,-71%,LD
6,,GIR SOMNATH,6.5,11.2,-42%,D,83.6,200.0,-58%,D
7,,JAMNAGAR,14.0,4.6,204%,LE,86.1,104.9,-18%,N
8,,JUNAGADH,19.6,9.2,113%,LE,104.6,189.9,-45%,D
9,,KUTCH,3.1,3.4,-8%,N,59.9,50.1,19%,N
10,,MORBI,17.0,4.2,305%,LE,96.2,92.4,4%,N
11,,PORBANDAR,12.3,6.9,78%,LE,100.1,160.7,-38%,D
12,,RAJKOT,19.8,7.1,179%,LE,73.0,118.2,-38%,D
13,,SURENDRANAGAR,11.5,7.3,58%,E,57.0,93.1,-39%,D
1,,DADARA & NAGAR HAVELI,15.6,30.3,-49%,D,292.2,380.5,-23%,D
1,,DAMAN,60.4,30.3,99%,LE,249.9,380.5,-34%,D
2,,DIU,16.4,7.5,119%,LE,52.4,178.1,-71%,LD
1,,NORTH GOA,31.2,44.7,-30%,D,884.7,933.8,-5%,N
2,,SOUTH GOA,29.2,40.1,-27%,D,960.0,896.6,7%,N
1,,MUMBAI CITY,10.7,25.4,-58%,D,337.8,542.3,-38%,D
2,,MUMBAI SUBURBAN,25.2,27.1,-7%,N,346.9,537.1,-35%,D
3,,PALGHAR,24.0,25.2,-5%,N,382.4,415.1,-8%,N
4,,RAIGAD,26.1,41.9,-38%,D,623.1,657.9,-5%,N
5,,RATNAGIRI,44.0,44.7,-2%,N,928.7,840.2,11%,N
6,,SINDHUDURG,39.7,40.0,-1%,N,882.9,897.0,-2%,N
7,,THANE,21.4,28.9,-26%,D,414.4,460.1,-10%,N
1,,AHMEDNAGAR,0.0,2.8,-100%,NR,135.8,110.8,23%,E
2,,DHULE,13.1,4.9,168%,LE,148.2,120.9,23%,E
3,,JALGAON,8.0,5.0,61%,LE,195.5,119.1,64%,LE
4,,KOLHAPUR,17.3,22.7,-24%,D,266.1,380.8,-30%,D
5,,NANDURBAR,0.6,8.9,-93%,LD,106.6,155.6,-32%,D
6,,NASHIK,4.9,7.9,-38%,D,145.5,166.0,-12%,N
7,,PUNE,6.6,8.4,-21%,D,193.5,186.8,4%,N
8,,SANGLI,3.3,3.8,-14%,N,160.6,124.1,29%,E
9,,SATARA,4.8,11.3,-57%,D,173.1,192.5,-10%,N
10,,SHOLAPUR,0.1,2.1,-96%,LD,205.9,100.8,104%,LE
1,,BEED,1.1,4.2,-73%,LD,165.0,124.8,32%,E
2,,CHH. SAMBHAJINAGAR,1.7,4.1,-59%,D,123.1,121.2,2%,N
3,,DHARASHIV,0.0,4.3,-100%,NR,243.6,120.7,102%,LE
4,,HINGOLI,2.6,6.9,-63%,LD,38.2,170.7,-78%,LD
5,,JALNA,0.3,5.4,-95%,LD,138.7,129.6,7%,N
6,,LATUR,2.4,4.5,-47%,D,231.5,134.7,72%,LE
7,,NANDED,7.6,7.3,4%,N,133.4,152.5,-13%,N
8,,PARBHANI,4.7,4.8,-2%,N,186.2,138.9,34%,E
1,,AKOLA,1.4,5.6,-75%,LD,150.8,143.6,5%,N
2,,AMRAOTI,2.2,6.9,-68%,LD,120.9,149.6,-19%,N
3,,BHANDARA,5.3,7.1,-25%,D,78.9,187.4,-58%,D
4,,BULDHANA,2.7,5.1,-48%,D,175.1,135.9,29%,E
5,,CHANDRAPUR,11.1,9.7,14%,N,146.9,188.5,-22%,D
6,,GADCHIROLI,2.8,9.8,-71%,LD,130.4,220.1,-41%,D
7,,GONDIA,3.3,10.6,-69%,LD,103.6,196.5,-47%,D
8,,NAGPUR,10.2,7.6,34%,E,134.8,173.9,-22%,D
9,,WARDHA,10.0,8.0,25%,E,151.8,170.2,-11%,N
10,,WASHIM,11.6,7.4,56%,E,188.5,174.7,8%,N
11,,YEOTMAL,19.6,7.7,154%,LE,192.2,173.0,11%,N
1,,BALOD,0.4,5.3,-92%,LD,135.6,171.6,-21%,D
2,,BALODA BAZAR,16.5,9.6,72%,LE,211.1,146.6,44%,E
3,,BALRAMPUR,49.4,7.3,576%,LE,137.6,138.5,-1%,N
4,,BASTAR,1.1,9.1,-88%,LD,164.7,231.6,-29%,D
5,,BEMETARA,8.7,9.9,-12%,N,76.0,175.8,-57%,D
6,,BIJAPUR,23.9,4.4,443%,LE,263.9,220.3,20%,E
7,,BILASPUR,47.7,8.0,496%,LE,159.7,159.9,0%,N
8,,DANTEWADA,19.4,8.1,139%,LE,133.4,184.4,-28%,D
9,,DHAMTARI,4.5,9.5,-53%,D,124.2,186.1,-33%,D
10,,DURG,1.2,6.1,-80%,LD,106.7,197.9,-46%,D
11,,GARIABAND,14.0,9.1,54%,E,83.5,188.7,-56%,D
12,,GAURELA-PENDRA-MARWAHI,56.8,7.8,628%,LE,215.2,189.7,13%,N
13,,JANJGIR-CHAMPA,39.5,11.0,259%,LE,147.2,150.3,-2%,N
14,,JASHPUR,16.4,22.2,-26%,D,73.6,255.8,-71%,LD
15,,KABIRDHAM,24.3,5.2,367%,LE,146.2,139.5,5%,N
16,,KANKER,15.3,10.7,43%,E,93.4,204.5,-54%,D
17,,KHAIRAGARH-CHHUIKHADAN-GANDAI,1.9,6.0,-68%,LD,109.9,121.1,-9%,N
18,,KONDAGAON,5.1,7.3,-31%,D,95.5,194.7,-51%,D
19,,KORBA,44.0,14.8,197%,LE,133.4,182.7,-27%,D
20,,KOREA,53.0,7.1,647%,LE,125.7,175.6,-28%,D
21,,MAHASAMUND,22.2,13.3,67%,LE,140.7,188.4,-25%,D
22,,MANENDRAGARH-CHIRMIRI-BHARATPUR,9.6,7.1,36%,E,79.1,175.7,-55%,D
23,,MOHALA-MANPUR-CHOWKI,0.5,8.1,-94%,LD,109.0,179.5,-39%,D
24,,MUNGELI,26.3,9.4,180%,LE,148.9,159.0,-6%,N
25,,NARAYANPUR,3.3,5.0,-34%,D,167.5,196.5,-15%,N
26,,RAIGARH,19.8,10.2,94%,LE,134.7,192.8,-30%,D
27,,RAIPUR,10.9,10.8,1%,N,144.7,165.4,-13%,N
28,,RAJNANDGAON,0.4,9.9,-96%,LD,99.8,189.3,-47%,D
29,,SAKTI,23.5,12.5,88%,LE,147.9,179.2,-17%,N
30,,SARANGARH-BILAIGARH,5.9,8.0,-26%,D,117.8,169.6,-31%,D
31,,SUKMA,41.5,7.1,485%,LE,232.9,201.7,15%,N
32,,SURAJPUR,20.4,9.9,106%,LE,96.6,186.8,-48%,D
33,,SURGUJA,14.1,14.0,0%,N,72.2,223.0,-68%,LD
1,,ANAKAPALLI,1.3,4.6,-71%,LD,207.0,131.6,57%,E
2,,BAPATLA,36.6,4.0,816%,LE,114.1,90.4,26%,E
3,,DR B R AMBEDKAR KONASEEMA,13.2,4.7,181%,LE,153.4,137.3,12%,N
4,,EAST GODAVARI,12.2,6.2,97%,LE,167.3,125.9,33%,E
5,,ELURU,34.2,7.4,362%,LE,182.7,152.9,20%,E
6,,GUNTUR,59.3,3.2,1753%,LE,172.9,102.1,69%,LE
7,,KAKINADA,9.8,5.2,88%,LE,209.1,134.2,56%,E
8,,KRISHNA,37.1,4.3,762%,LE,166.0,123.1,35%,E
9,,NTR DISTRICT,37.3,4.1,809%,LE,212.1,122.9,73%,LE
10,,PALNADU,39.4,3.2,1130%,LE,147.6,97.7,51%,E
11,,PARVATHIPURAM MANYAM,1.6,5.6,-71%,LD,205.5,147.4,39%,E
12,,PRAKASAM,0.9,1.4,-38%,D,66.8,68.5,-3%,N
13,,SPSR NELLORE,1.2,1.8,-33%,D,99.7,54.5,83%,LE
14,,SRI ALLURI SITHARAMARAJU DISTRICT,27.6,5.4,412%,LE,183.2,169.7,8%,N
15,,SRIKAKULAM,1.3,4.3,-70%,LD,149.6,142.9,5%,N
16,,VISHAKHAPATNAM,0.4,2.9,-86%,LD,146.8,126.3,16%,N
17,,VIZIANAGARAM,2.5,4.9,-48%,D,185.4,141.3,31%,E
18,,WEST GODAVARI,32.9,5.7,477%,LE,220.9,125.7,76%,LE
19,,YANAM,7.8,3.7,111%,LE,148.2,133.9,11%,N
1,,ANANTAPURAMU,0.0,0.9,-100%,NR,147.0,62.8,134%,LE
2,,ANNAMAYYA DISTRICT,0.0,2.1,-100%,NR,176.2,65.7,168%,LE
3,,CHITTOOR,0.0,1.7,-100%,NR,175.6,80.4,118%,LE
4,,KURNOOL,0.3,1.9,-83%,LD,143.6,85.3,68%,LE
5,,NANDYAL,1.1,1.4,-18%,N,218.6,92.0,138%,LE
6,,SRI SATHYASAI DISTRICT,0.5,1.5,-66%,LD,154.7,56.6,173%,LE
7,,TIRUPATI,0.0,2.2,-100%,NR,134.1,70.2,91%,LE
8,,YSR DISTRICT,0.1,1.5,-92%,LD,148.1,68.8,115%,LE
1,,ADILABAD,20.9,9.0,132%,LE,230.8,187.1,23%,E
2,,B. KOTHAGUDEM,47.2,6.8,594%,LE,219.5,166.6,32%,E
3,,HANUMAKONDA,9.6,7.7,24%,E,199.0,119.9,66%,LE
4,,HYDERABAD,0.1,2.8,-97%,LD,124.1,112.0,11%,N
5,,J. BHUPALPALLY,5.3,8.8,-39%,D,158.2,158.6,0%,N
6,,JAGTIAL,10.5,6.2,70%,LE,192.0,152.6,26%,E
7,,JANGAON,1.6,4.6,-64%,LD,158.3,127.4,24%,E
8,,JOGULAMBA GADWAL,1.8,3.7,-53%,D,142.0,89.5,59%,E
9,,KAMAREDDY,22.4,6.4,251%,LE,130.2,136.7,-5%,N
10,,KARIMNAGAR,3.7,5.5,-33%,D,189.2,125.1,51%,E
11,,KHAMMAM,27.5,6.0,358%,LE,173.6,131.4,32%,E
12,,KUMARAM BHEEM,26.5,6.9,283%,LE,188.6,180.7,4%,N
13,,M. MALKAJGIRI,4.1,2.6,58%,E,98.8,92.2,7%,N
14,,MAHABUBABAD,11.8,6.8,74%,LE,208.8,151.3,38%,E
15,,MAHABUBNAGAR,13.2,4.3,207%,LE,96.6,90.3,7%,N
16,,MANCHERIAL,12.9,6.8,89%,LE,113.3,169.3,-33%,D
17,,MEDAK,7.6,5.1,50%,E,120.7,129.0,-6%,N
18,,MULUGU,10.9,6.2,76%,LE,170.2,159.9,6%,N
19,,NAGARKURNOOL,16.9,3.2,428%,LE,137.9,85.2,62%,LE
20,,NALGONDA,9.4,2.5,277%,LE,153.2,86.3,78%,LE
21,,NARAYANPET,6.9,2.6,166%,LE,124.5,83.7,49%,E
22,,NIRMAL,4.2,6.9,-39%,D,193.8,170.9,13%,N
23,,NIZAMABAD,7.8,7.1,10%,N,126.8,151.5,-16%,N
24,,PEDDAPALLE,5.6,7.5,-26%,D,192.4,162.7,18%,N
25,,RAJANNA SIRCILLA,1.8,5.9,-69%,LD,176.2,126.9,39%,E
26,,RANGAREDDY,1.5,4.2,-63%,LD,86.9,103.8,-16%,N
27,,SANGAREDDY,8.2,4.5,82%,LE,108.5,132.0,-18%,N
28,,SIDDIPET,4.3,5.1,-16%,N,117.9,110.4,7%,N
29,,SURYAPET,30.1,2.8,974%,LE,165.8,103.6,60%,LE
30,,VIKARABAD,4.1,4.2,-2%,N,112.5,118.6,-5%,N
31,,WANAPARTHY,8.3,4.5,84%,LE,103.8,95.4,9%,N
32,,WARANGAL,19.2,7.8,146%,LE,189.3,167.2,13%,N
33,,Y. BHUVANAGIRI,2.1,1.9,10%,N,108.7,108.1,1%,N
1,,ARIYALUR,0.0,0.8,-100%,NR,58.3,39.0,49%,E
2,,CHENGALPATTU,0.0,1.9,-100%,NR,158.9,55.7,185%,LE
3,,CHENNAI,0.0,1.8,-100%,NR,200.4,64.6,210%,LE
4,,COIMBATORE,3.5,7.3,-52%,D,242.0,172.0,41%,E
5,,CUDDALORE,0.0,1.1,-100%,NR,123.8,45.7,171%,LE
6,,DHARMAPURI,1.1,1.2,-6%,N,106.4,54.3,96%,LE
7,,DINDIGUL,0.1,1.3,-96%,LD,70.6,41.0,72%,LE
8,,ERODE,0.3,0.9,-63%,LD,67.3,46.1,46%,E
9,,KALLAKURICHI,0.0,1.5,-100%,NR,84.8,50.6,68%,LE
10,,KANCHEEPURAM,0.0,2.1,-100%,NR,175.5,66.5,164%,LE
11,,KANYAKUMARI,1.5,4.9,-69%,LD,209.6,175.0,20%,E
12,,KARUR,0.0,0.5,-100%,NR,70.9,20.5,246%,LE
13,,KRISHNAGIRI,0.0,1.1,-100%,NR,139.4,47.6,193%,LE
14,,MADURAI,0.0,1.2,-100%,NR,80.6,39.4,105%,LE
15,,MAYILADUTHURAI,0.0,1.0,-100%,NR,58.5,39.5,48%,E
16,,NAGAPATTINAM,0.0,0.3,-100%,NR,38.9,34.4,13%,N
17,,NAMAKKAL,0.0,0.4,-100%,NR,93.3,39.4,137%,LE
18,,NILGIRIS,9.6,8.8,9%,N,336.2,195.7,72%,LE
19,,PERAMBALUR,0.0,1.1,-100%,NR,39.9,33.4,19%,N
20,,PUDUKKOTTAI,3.8,1.7,121%,LE,116.7,38.7,201%,LE
21,,RAMANATHAPURAM,0.0,0.2,-100%,NR,48.1,15.2,216%,LE
22,,RANIPET,0.0,2.0,-100%,NR,206.7,69.6,197%,LE
23,,SALEM,2.2,0.8,175%,LE,127.8,57.2,123%,LE
24,,SIVAGANGA,0.0,1.0,-100%,NR,105.4,45.4,132%,LE
25,,TENKASI,0.4,1.6,-75%,LD,71.6,47.3,51%,E
26,,THANJAVUR,0.9,0.7,27%,E,80.3,34.0,136%,LE
27,,THENI,0.9,1.5,-42%,D,105.5,31.2,238%,LE
28,,TIRUNELVELI,0.0,0.4,-100%,NR,118.4,22.9,417%,LE
29,,TIRUPATTUR,0.1,2.3,-98%,LD,183.7,63.7,188%,LE
30,,TIRUPPUR,0.0,0.4,-100%,NR,42.2,20.5,106%,LE
31,,TIRUVALLUR,0.0,1.5,-100%,NR,188.5,71.8,163%,LE
32,,TIRUVANNAMALAI,1.0,1.3,-27%,D,135.8,60.4,125%,LE
33,,TIRUVARUR,0.0,0.7,-100%,NR,69.5,34.5,102%,LE
34,,TOOTHUKUDI,0.0,0.1,-100%,NR,6.2,6.1,1%,N
35,,TRICHY,1.3,0.5,163%,LE,99.5,28.5,249%,LE
36,,VELLORE,0.0,1.3,-100%,NR,153.1,64.9,136%,LE
37,,VILLUPURAM,1.6,1.3,25%,E,88.7,52.7,68%,LE
38,,VIRUDHUNAGAR,0.3,0.4,-36%,D,79.3,20.2,292%,LE
1,,KARAIKAL,0.0,0.5,-100%,NR,44.9,52.0,-14%,N
2,,MAHE,33.4,32.3,3%,N,791.4,819.0,-3%,N
3,,PUDUCHERRY,0.0,3.1,-100%,NR,95.0,50.7,87%,LE
4,,YANAM,7.8,3.7,111%,LE,148.2,133.9,11%,N
1,,DAKSHINA KANNADA,25.8,41.9,-39%,D,779.7,944.0,-17%,N
2,,UDUPI,44.6,45.4,-2%,N,949.7,1100.1,-14%,N
3,,UTTARA KANNADA,29.6,35.3,-16%,N,651.0,743.0,-12%,N
1,,BAGALKOTE,1.8,1.6,10%,N,148.7,87.1,71%,LE
2,,BELAGAVI,4.6,6.2,-26%,D,124.3,144.0,-14%,N
3,,BIDAR,8.9,4.0,123%,LE,129.9,117.8,10%,N
4,,DHARWAD,1.9,5.2,-64%,LD,111.8,129.3,-14%,N
5,,GADAG,0.7,1.7,-61%,LD,128.8,84.2,53%,E
6,,HAVERI,1.1,4.8,-76%,LD,64.3,119.2,-46%,D
7,,KALABURGI,5.2,2.6,99%,LE,97.8,108.5,-10%,N
8,,KOPPAL,0.0,1.4,-100%,NR,155.7,78.7,98%,LE
9,,RAICHUR,0.0,2.0,-100%,NR,96.8,81.9,18%,N
10,,VIJAYAPURA,0.5,1.8,-73%,LD,210.4,88.6,137%,LE
11,,YADGIR,0.6,2.5,-77%,LD,132.8,96.7,37%,E
1,,BALLARI,0.0,0.9,-100%,NR,158.6,73.4,116%,LE
2,,BENGALURU RURAL,0.0,1.3,-100%,NR,118.5,66.6,78%,LE
3,,BENGALURU URBAN,0.0,1.1,-100%,NR,118.6,74.9,58%,E
4,,CHAMARAJANAGAR,0.0,1.7,-100%,NR,107.5,67.4,59%,E
5,,CHIKABALLAPURA,0.0,1.3,-100%,NR,140.8,64.8,117%,LE
6,,CHIKKAMAGALURU,25.6,17.8,44%,E,294.9,357.1,-17%,N
7,,CHITRADURGA,0.0,0.9,-100%,NR,92.1,56.3,64%,LE
8,,DAVANGERE,0.2,2.3,-93%,LD,102.1,78.4,30%,E
9,,HASSAN,0.6,7.0,-92%,LD,80.8,160.1,-50%,D
10,,KODAGU,15.7,28.5,-45%,D,451.2,597.7,-25%,D
11,,KOLAR,0.0,1.2,-100%,NR,72.3,67.6,7%,N
12,,MANDYA,0.2,0.9,-83%,LD,69.4,56.4,23%,E
13,,MYSURU,0.0,2.6,-99%,LD,86.8,85.6,1%,N
14,,RAMANAGARA,0.3,0.9,-67%,LD,137.1,72.2,90%,LE
15,,SHIVAMOGGA,17.7,19.9,-11%,N,265.8,387.0,-31%,D
16,,TUMAKURU,2.3,1.2,88%,LE,88.4,63.9,38%,E
17,,VIJAYANAGARA,0.0,1.6,-100%,NR,163.1,78.0,109%,LE
1,,ALAPUZHA,9.2,20.9,-56%,D,416.7,551.7,-24%,D
2,,CANNUR,35.5,38.0,-7%,N,757.5,879.1,-14%,N
3,,ERNAKULAM,15.2,28.6,-47%,D,461.5,700.5,-34%,D
4,,IDUKKI,10.6,29.6,-64%,LD,473.9,735.7,-36%,D
5,,KASARGOD,22.2,41.4,-46%,D,748.3,982.4,-24%,D
6,,KOLLAM,5.9,12.8,-54%,D,336.3,424.2,-21%,D
7,,KOTTAYAM,11.4,23.9,-52%,D,580.1,641.8,-10%,N
8,,KOZHIKODE,30.6,36.5,-16%,N,617.0,883.6,-30%,D
9,,MALAPPURAM,11.9,24.8,-52%,D,468.4,624.1,-25%,D
10,,PALAKKAD,8.5,21.4,-61%,LD,351.5,462.0,-24%,D
11,,PATHANAMTHITTA,11.3,17.4,-35%,D,442.8,508.6,-13%,N
12,,THIRUVANANTHAPURAM,1.3,9.0,-85%,LD,289.3,313.2,-8%,N
13,,THRISSUR,14.8,30.8,-52%,D,554.9,709.1,-22%,D
14,,WYNAD,9.6,32.5,-71%,LD,436.1,703.6,-38%,D
1,,MAHE,33.4,32.3,3%,N,791.4,819.0,-3%,N
36,LAKSHADWEEP,,3.7,9.7,-62%,LD,328.3,335.6,-2%,N
